"2016-01-04T12:22:51; ""Z:\unprocessed\2013139_0001\GM2009\General Motors Bankruptcy\www.gmcourtdocs.com\Notice of Substantial Stock Ownership 6.5.09.DOC ""; Z:\unprocessed\2013139_0001\GM2009\General Motors Bankruptcy\www.gmcourtdocs.com\Notice of Substantial Stock Ownership 6.5.09_bhl-d4392fba.DOCx; Microsoft Office File Converter; "
"2016-01-04T12:22:52; ""Z:\unprocessed\2013139_0001\GM2009\General Motors Bankruptcy\www.gmcourtdocs.com\Equity Disposition  Notice 6.5.09.DOC ""; Z:\unprocessed\2013139_0001\GM2009\General Motors Bankruptcy\www.gmcourtdocs.com\Equity Disposition  Notice 6.5.09_bhl-936408f7.DOCx; Microsoft Office File Converter; "
"2016-01-04T12:22:53; ""Z:\unprocessed\2013139_0001\GM2009\General Motors Bankruptcy\www.gmcourtdocs.com\Equity Acquisition Notice 6.5.09.DOC ""; Z:\unprocessed\2013139_0001\GM2009\General Motors Bankruptcy\www.gmcourtdocs.com\Equity Acquisition Notice 6.5.09_bhl-e87d5917.DOCx; Microsoft Office File Converter; "
"2016-01-04T12:23:17; ""Z:\unprocessed\2013139_0001\GM2009\General Motors Bankruptcy\gmcourtdocs.gardencitygroup.com\pdflib\uaw_4.pdf""; ""Z:\unprocessed\2013139_0001\GM2009\General Motors Bankruptcy\gmcourtdocs.gardencitygroup.com\pdflib\uaw_4_bhl-4adf98fe.pdf""; Ghostscript 9.15; "
"2016-01-04T12:23:20; ""Z:\unprocessed\2013139_0001\GM2009\General Motors Bankruptcy\gmcourtdocs.gardencitygroup.com\pdflib\salehearing_1.pdf""; ""Z:\unprocessed\2013139_0001\GM2009\General Motors Bankruptcy\gmcourtdocs.gardencitygroup.com\pdflib\salehearing_1_bhl-8af08dfb.pdf""; Ghostscript 9.15; "
"2016-01-04T12:23:42; ""Z:\unprocessed\2013139_0001\GM2009\General Motors Bankruptcy\gmcourtdocs.gardencitygroup.com\pdflib\pleading_1.pdf""; ""Z:\unprocessed\2013139_0001\GM2009\General Motors Bankruptcy\gmcourtdocs.gardencitygroup.com\pdflib\pleading_1_bhl-9f32d018.pdf""; Ghostscript 9.15; "
"2016-01-04T12:23:52; ""Z:\unprocessed\2013139_0001\GM2009\General Motors Bankruptcy\gmcourtdocs.gardencitygroup.com\pdflib\order_10.pdf""; ""Z:\unprocessed\2013139_0001\GM2009\General Motors Bankruptcy\gmcourtdocs.gardencitygroup.com\pdflib\order_10_bhl-1f32883e.pdf""; Ghostscript 9.15; "
"2016-01-04T12:23:55; ""Z:\unprocessed\2013139_0001\GM2009\General Motors Bankruptcy\gmcourtdocs.gardencitygroup.com\pdflib\987_50026.pdf""; ""Z:\unprocessed\2013139_0001\GM2009\General Motors Bankruptcy\gmcourtdocs.gardencitygroup.com\pdflib\987_50026_bhl-43ee8d44.pdf""; Ghostscript 9.15; "
"2016-01-04T12:24:02; ""Z:\unprocessed\2013139_0001\GM2009\General Motors Bankruptcy\gmcourtdocs.gardencitygroup.com\pdflib\913_50026.pdf""; ""Z:\unprocessed\2013139_0001\GM2009\General Motors Bankruptcy\gmcourtdocs.gardencitygroup.com\pdflib\913_50026_bhl-87cc62d4.pdf""; Ghostscript 9.15; "
"2016-01-04T12:24:10; ""Z:\unprocessed\2013139_0001\GM2009\General Motors Bankruptcy\gmcourtdocs.gardencitygroup.com\pdflib\82_50026.pdf""; ""Z:\unprocessed\2013139_0001\GM2009\General Motors Bankruptcy\gmcourtdocs.gardencitygroup.com\pdflib\82_50026_bhl-d8bf9250.pdf""; Ghostscript 9.15; "
"2016-01-04T12:24:19; ""Z:\unprocessed\2013139_0001\GM2009\General Motors Bankruptcy\gmcourtdocs.gardencitygroup.com\pdflib\724_50026.pdf""; ""Z:\unprocessed\2013139_0001\GM2009\General Motors Bankruptcy\gmcourtdocs.gardencitygroup.com\pdflib\724_50026_bhl-e20aae87.pdf""; Ghostscript 9.15; "
"2016-01-04T12:24:22; ""Z:\unprocessed\2013139_0001\GM2009\General Motors Bankruptcy\gmcourtdocs.gardencitygroup.com\pdflib\710_50026.pdf""; ""Z:\unprocessed\2013139_0001\GM2009\General Motors Bankruptcy\gmcourtdocs.gardencitygroup.com\pdflib\710_50026_bhl-b05edfa5.pdf""; Ghostscript 9.15; "
"2016-01-04T12:24:25; ""Z:\unprocessed\2013139_0001\GM2009\General Motors Bankruptcy\gmcourtdocs.gardencitygroup.com\pdflib\707_50026.pdf""; ""Z:\unprocessed\2013139_0001\GM2009\General Motors Bankruptcy\gmcourtdocs.gardencitygroup.com\pdflib\707_50026_bhl-2764a602.pdf""; Ghostscript 9.15; "
"2016-01-04T12:24:28; ""Z:\unprocessed\2013139_0001\GM2009\General Motors Bankruptcy\gmcourtdocs.gardencitygroup.com\pdflib\699_50026.pdf""; ""Z:\unprocessed\2013139_0001\GM2009\General Motors Bankruptcy\gmcourtdocs.gardencitygroup.com\pdflib\699_50026_bhl-b19c149c.pdf""; Ghostscript 9.15; "
"2016-01-04T12:24:34; ""Z:\unprocessed\2013139_0001\GM2009\General Motors Bankruptcy\gmcourtdocs.gardencitygroup.com\pdflib\690_50026.pdf""; ""Z:\unprocessed\2013139_0001\GM2009\General Motors Bankruptcy\gmcourtdocs.gardencitygroup.com\pdflib\690_50026_bhl-46e41ce6.pdf""; Ghostscript 9.15; "
